SUMLEV,REGION,DIVISION,STATE,NAME,CENSUS2000POP,ESTIMATESBASE2000,POPESTIMATE2000,POPESTIMATE2001,POPESTIMATE2002,POPESTIMATE2003,POPESTIMATE2004,POPESTIMATE2005,POPESTIMATE2006,POPESTIMATE2007,NPOPCHG_2000,NPOPCHG_2001,NPOPCHG_2002,NPOPCHG_2003,NPOPCHG_2004,NPOPCHG_2005,NPOPCHG_2006,NPOPCHG_2007,BIRTHS2000,BIRTHS2001,BIRTHS2002,BIRTHS2003,BIRTHS2004,BIRTHS2005,BIRTHS2006,BIRTHS2007,DEATHS2000,DEATHS2001,DEATHS2002,DEATHS2003,DEATHS2004,DEATHS2005,DEATHS2006,DEATHS2007,NATURALINC2000,NATURALINC2001,NATURALINC2002,NATURALINC2003,NATURALINC2004,NATURALINC2005,NATURALINC2006,NATURALINC2007,INTERNATIONALMIG2000,INTERNATIONALMIG2001,INTERNATIONALMIG2002,INTERNATIONALMIG2003,INTERNATIONALMIG2004,INTERNATIONALMIG2005,INTERNATIONALMIG2006,INTERNATIONALMIG2007,INTERNALMIG2000,INTERNALMIG2001,INTERNALMIG2002,INTERNALMIG2003,INTERNALMIG2004,INTERNALMIG2005,INTERNALMIG2006,INTERNALMIG2007,NETMIG2000,NETMIG2001,NETMIG2002,NETMIG2003,NETMIG2004,NETMIG2005,NETMIG2006,NETMIG2007,RESIDUAL2000,RESIDUAL2001,RESIDUAL2002,RESIDUAL2003,RESIDUAL2004,RESIDUAL2005,RESIDUAL2006,RESIDUAL2007,RBIRTH2001,RBIRTH2002,RBIRTH2003,RBIRTH2004,RBIRTH2005,RBIRTH2006,RBIRTH2007,RDEATH2001,RDEATH2002,RDEATH2003,RDEATH2004,RDEATH2005,RDEATH2006,RDEATH2007,RNATURALINC2001,RNATURALINC2002,RNATURALINC2003,RNATURALINC2004,RNATURALINC2005,RNATURALINC2006,RNATURALINC2007,RINTERNATIONALMIG2001,RINTERNATIONALMIG2002,RINTERNATIONALMIG2003,RINTERNATIONALMIG2004,RINTERNATIONALMIG2005,RINTERNATIONALMIG2006,RINTERNATIONALMIG2007,RINTERNALMIG2001,RINTERNALMIG2002,RINTERNALMIG2003,RINTERNALMIG2004,RINTERNALMIG2005,RINTERNALMIG2006,RINTERNALMIG2007,RNETMIG2001,RNETMIG2002,RNETMIG2003,RNETMIG2004,RNETMIG2005,RNETMIG2006,RNETMIG2007
010,0,0,00,United States,281421906,281424602,282194308,285112030,287888021,290447644,293191511,295895897,298754819,301621157,769706,2917722,2775991,2559623,2743867,2704386,2858922,2866338,989020,4047314,4006985,4052799,4112637,4121160,4200658,4278899,560891,2419276,2429999,2422701,2449577,2433274,2431252,2450218,428129,1628038,1576986,1630098,1663060,1687886,1769406,1828681,341577,1289684,1199005,929525,1080807,1016500,1089516,1037657,0,0,0,0,0,0,0,0,341577,1289684,1199005,929525,1080807,1016500,1089516,1037657,0,0,0,0,0,0,0,0,14.268530876,13.985984794,14.015386722,14.093081195,13.991675748,14.1281525,14.25406469,8.5289933778,8.4816711474,8.3781829364,8.3941489498,8.2611645299,8.1770758349,8.1622786319,5.7395374983,5.5043136462,5.6372037855,5.6989322452,5.7305112181,5.9510766653,6.0917860577,4.5466934304,4.1850083535,3.2144827174,3.7036822864,3.4511007575,3.6643897693,3.4566906122,0,0,0,0,0,0,0,4.5466934304,4.1850083535,3.2144827174,3.7036822864,3.4511007575,3.6643897693,3.4566906122
040,3,6,01,Alabama,4447100,4447351,4451887,4463224,4471006,4488071,4508540,4539611,4590240,4627851,4536,11337,7782,17065,20469,31071,50629,37611,15077,62358,59559,58595,59549,60067,60898,61795,10564,45163,45754,45883,46913,46548,47003,47190,4513,17195,13805,12712,12636,13519,13895,14605,1387,5164,4248,2475,4847,3818,4634,4077,-1481,-8779,-8445,5009,5214,16445,33453,18427,-94,-3615,-4197,7484,10061,20263,38087,22504,117,-2243,-1826,-3131,-2228,-2711,-1353,502,13.989281794,13.332766226,13.080588547,13.23809599,13.277187792,13.340414865,13.407331301,10.131786357,10.242404774,10.242796217,10.429038223,10.288952958,10.29655358,10.23856241,3.8574954367,3.0903614525,2.8377923306,2.8090577663,2.9882348338,3.0438612854,3.1687688915,1.1584824911,0.9509493264,0.5525122733,1.0775168561,0.8439293288,1.0151315722,0.8845649278,-1.969465103,-1.890481888,1.1181955463,1.1591031334,3.6349968076,7.3282685555,3.9980078305,-0.810982611,-0.939532562,1.6707078196,2.2366199895,4.4789261364,8.3434001278,4.8825727583
040,4,9,02,Alaska,626932,626931,627462,633277,642699,650967,661661,669411,677450,683478,531,5815,9422,8268,10694,7750,8039,6028,2430,9964,9867,9978,10306,10382,10811,11140,725,2989,3075,3099,3051,3163,2772,2838,1705,6975,6792,6879,7255,7219,8039,8302,493,956,-25,-1995,2116,666,1423,602,-1667,-2887,1955,2707,634,-847,-2215,-2805,-1174,-1931,1930,712,2750,-181,-792,-2203,0,771,700,677,689,712,792,-71,15.806602318,15.465808134,15.425929104,15.702849551,15.599456679,16.053623945,16.371182017,4.7416634212,4.8198398716,4.7910357078,4.6486894992,4.7525603423,4.1162376815,4.1706835336,11.064938897,10.645968263,10.634893396,11.054160051,10.846896336,11.937386263,12.200498483,1.5165708366,-0.03918569,-3.084258224,3.2240665291,1.0006971824,2.1130614072,0.8846904465,-4.579853562,3.064320959,4.1850060216,0.96600103,-1.272658429,-3.289129316,-4.122187213,-3.063282725,3.025135269,1.1007477973,4.1900675591,-0.271961246,-1.176067909,-3.237496767
040,4,8,04,Arizona,5130632,5130615,5167260,5301097,5444881,5579307,5744367,5952083,6165689,6338755,36645,133837,143784,134426,165060,207716,213606,173066,19878,85453,86175,89452,92030,95117,99042,103958,9482,40694,42540,42444,43580,44163,47278,47922,10396,44759,43635,47008,48450,50954,51764,56036,8923,34475,32569,26423,28134,27133,28649,27708,17363,56238,68570,62591,92324,131637,136229,90402,26286,90713,101139,89014,120458,158770,164878,118110,-37,-1635,-990,-1596,-3848,-2008,-3036,-1080,16.325962135,16.038558798,16.22831541,16.2544418,16.264251119,16.34656932,16.627368638,7.7746679828,7.9173808098,7.7001589596,7.6971484697,7.551522043,7.8030845934,7.6647950121,8.5512941525,8.1211779886,8.5281564502,8.5572933308,8.7127290759,8.5434847264,8.9625736258,6.5865159165,6.0616167277,4.7936410373,4.9690586289,4.639527378,4.7284269749,4.4317044404,10.744379467,12.761984065,11.355212738,16.30636841,22.5088809,22.484166231,14.459179473,17.330895383,18.823600793,16.148853775,21.275427039,27.148408278,27.212593206,18.890883913
040,3,7,05,Arkansas,2673400,2673398,2678397,2690254,2703310,2720006,2742898,2772152,2809111,2834797,4999,11857,13056,16696,22892,29254,36959,25686,9090,37349,37499,37400,37984,38982,40106,40818,6469,28421,27847,27763,28428,27977,26884,27137,2621,8928,9652,9637,9556,11005,13222,13681,1111,4493,4024,2945,3816,3415,3789,3526,1292,-278,447,5346,11070,15529,21253,8323,2403,4215,4471,8291,14886,18944,25042,11849,-25,-1286,-1067,-1232,-1550,-695,-1305,156,13.913737362,13.905091327,13.792299766,13.906156872,14.136589877,14.371657455,14.464445558,10.587762177,10.326010779,10.238385519,10.407651315,10.145692242,9.6336617715,9.6163863762,3.3259751845,3.5790805486,3.5539142473,3.4985055568,3.9908976347,4.7379956831,4.8480591817,1.673791051,1.4921487907,1.0860514121,1.3970591466,1.2384293887,1.3577571958,1.2494888294,-0.103564191,0.1657531087,1.9714875548,4.0527895054,5.6314992611,7.6158389239,2.9493747949,1.5702268596,1.6579018994,3.0575389669,5.4498486519,6.8699286498,8.9735961197,4.1988636243
040,4,9,06,California,33871648,33871655,34004051,34525902,34963856,35376833,35721991,35990312,36249872,36553215,132396,521851,437954,412977,345158,268321,259560,303343,128766,530871,527276,538274,540532,548148,561089,569897,53765,233502,234546,234607,239869,231839,243387,240941,75001,297369,292730,303667,300663,316309,317702,328956,75619,290231,275725,225562,235684,230063,240732,233810,-19583,-40508,-112717,-93600,-159242,-250345,-284962,-263035,56036,249723,163008,131962,76442,-20282,-44230,-29225,1359,-25241,-17784,-22652,-31947,-27706,-13912,3612,15.493108539,15.17564646,15.304769051,15.205089749,15.287418673,15.533985905,15.655847121,6.8145968231,6.7505199831,6.6705914695,6.7474815055,6.4658082449,6.7382718737,6.6189775717,8.6785117159,8.4251264769,8.6341775811,8.457608244,8.8216104285,8.7957140309,9.0368695492,8.4701940478,7.9357018339,6.4134145743,6.6297580393,6.416276995,6.6647670776,6.4230792851,-1.182198388,-3.244132754,-2.661333044,-4.479455244,-6.9819261,-7.889293305,-7.225929857,7.2879956594,4.6915690799,3.7520815299,2.1503027954,-0.565649105,-1.224526228,-0.802850571
040,4,8,08,Colorado,4301261,4302019,4328252,4433997,4507762,4555212,4609264,4673724,4766248,4861515,26233,105745,73765,47450,54052,64460,92524,95267,16414,66632,67388,68585,68535,69143,70423,72760,6568,28057,28888,28975,29138,29200,28423,29314,9846,38575,38500,39610,39397,39943,42000,43446,6238,23007,21179,16122,19460,17944,19399,18381,10094,44805,14321,-7364,-3242,8758,31756,33438,16332,67812,35500,8758,16218,26702,51155,51819,55,-642,-235,-918,-1563,-2185,-631,2,15.208880734,15.072649576,15.135208376,14.95666528,14.896712136,14.920171373,15.114622161,6.4040636143,6.461368507,6.3941483226,6.35890148,6.2910778297,6.0218398953,6.0894727051,8.8048171194,8.611281069,8.7410600538,8.5977638001,8.6056343065,8.8983314781,9.0251494558,5.2513915092,4.7370992665,3.5577725369,4.2468330977,3.8659965951,4.1099698177,3.8183324621,10.226826469,3.203172888,-1.625073624,-0.707514538,1.8868924532,6.7279860576,6.9461618447,15.478217978,7.9402721545,1.9326989132,3.5393185601,5.7528890482,10.837955875,10.764494307
040,1,1,09,Connecticut,3405565,3405602,3411990,3429770,3451867,3472964,3481890,3486490,3495753,3502309,6388,17780,22097,21097,8926,4600,9263,6556,10828,42858,42142,42700,42628,41907,41615,41862,6898,30431,29585,29892,29810,29701,29034,29179,3930,12427,12557,12808,12818,12206,12581,12683,4161,15455,14699,12099,12670,12486,13258,12867,-1952,-7149,-2683,142,-14347,-17349,-15349,-19377,2209,8306,12016,12241,-1677,-4863,-2091,-6510,249,-2953,-2476,-3952,-2215,-2743,-1227,383,12.528355277,12.247667234,12.332430929,12.258488819,12.02775968,11.920238239,11.963883715,8.8956642735,8.5982448653,8.6332792815,8.572430133,8.5245064133,8.3165252198,8.3391659005,3.6326910035,3.6494223685,3.6991516472,3.6860586865,3.5032532669,3.6037130189,3.6247178147,4.5178433619,4.2719486657,3.4943813069,3.6434984832,3.5836162781,3.7976335112,3.6773038021,-2.089813147,-0.779756328,0.0410118312,-4.125751597,-4.979349576,-4.396581442,-5.537818899,2.4280302144,3.4921923374,3.5353931381,-0.482253114,-1.395733298,-0.598947931,-1.860515097
040,3,5,10,Delaware,783600,783600,786463,795126,804875,815798,827671,840558,852747,864764,2863,8663,9749,10923,11873,12887,12189,12017,2696,10902,10820,11329,11290,11459,11942,12068,1624,7043,6891,6998,7109,7342,7164,7178,1072,3859,3929,4331,4181,4117,4778,4890,647,2292,2023,1356,2027,1760,1996,1823,1102,3202,4354,6002,6269,7663,5757,5224,1749,5494,6377,7358,8296,9423,7753,7047,42,-690,-557,-766,-604,-653,-342,80,13.786135336,13.524991547,13.980611758,13.739230859,13.737922072,14.104960418,14.052893984,8.9062329088,8.6137446164,8.6359185351,8.6512127701,8.8021488657,8.461558904,8.3586073102,4.8799024272,4.9112469305,5.3446932231,5.0880180886,4.9357732062,5.6434015136,5.6942866741,2.8983509622,2.5287484195,1.6733788988,2.4667334766,2.1100220653,2.3575197616,2.1228393879,4.0490924001,5.4424965984,7.4067995209,7.6289847877,9.1869881173,6.7997200741,6.0832215922,6.9474433623,7.971245018,9.0801784197,10.095718264,11.297010183,9.1572398357,8.2060609801
040,3,5,11,District of Columbia,572059,572059,571799,577648,579190,577467,579621,582049,585459,588292,-260,5849,1542,-1723,2154,2428,3410,2833,1877,7615,7624,7479,7784,7913,8060,8157,1430,5919,5913,5678,5522,5468,5483,5500,447,1696,1711,1801,2262,2445,2577,2657,1103,4153,3888,3081,3454,3254,3492,3358,-1790,-4273,-7537,-10239,-7007,-6766,-2678,-3141,-687,-120,-3649,-7158,-3553,-3512,814,217,-20,4273,3480,3634,3445,3495,19,-41,13.24984971,13.18075651,12.932096551,13.454465002,13.62349032,13.807185904,13.899029692,10.298865454,10.222693238,9.8179494872,9.544650018,9.4140332452,9.3926551253,9.3716640071,2.9509842559,2.9580632725,3.1141470635,3.9098149838,4.2094570747,4.4145307784,4.5273656849,7.2260834993,6.7217708962,5.3274220447,5.970159573,5.602279477,5.981971858,5.7218268611,-7.434879555,-13.03034651,-17.70447073,-12.11143837,-11.64874706,-4.587548865,-5.352072118,-0.208796056,-6.308575617,-12.37704868,-6.141278796,-6.046467585,1.3944229932,0.3697547436
040,3,5,12,Florida,15982378,15982824,16049316,16348628,16667906,16959251,17342623,17736027,18057508,18251243,66492,299312,319278,291345,383372,393404,321481,193735,48123,205373,205515,208825,215340,221657,234813,239282,38624,166242,167714,168122,170131,170074,167219,169830,9499,39131,37801,40703,45209,51583,67594,69452,28653,107886,101664,82188,88814,85719,91236,88111,28771,159392,184139,172788,267338,268347,170099,35301,57424,267278,285803,254976,356152,354066,261335,123412,-431,-7097,-4326,-4334,-17989,-12245,-7448,871,12.678150194,12.44921711,12.420021116,12.55558224,12.637715534,13.120414064,13.18040381,10.262503077,10.159394684,9.9991801269,9.9196329623,9.6967243608,9.3435308918,9.3547695981,2.4156471164,2.2898224265,2.4208409887,2.6359492779,2.9409911727,3.7768831718,3.8256342114,6.6600522552,6.158369016,4.8881920051,5.1783759686,4.887246231,5.0979038533,4.8534305132,9.8396367374,11.154350726,10.276693923,15.58736995,15.299733599,9.5044538071,1.944489911,16.499688993,17.312719742,15.164885928,20.765745918,20.18697983,14.60235766,6.7979204242
040,3,5,13,Georgia,8186453,8186816,8230919,8422127,8591169,8740008,8921371,9107719,9342080,9544750,44103,191208,169042,148839,181363,186348,234361,202670,31604,133822,133117,134102,137659,139832,143637,147514,15175,64552,64575,65529,67097,65432,67654,69291,16429,69270,68542,68573,70562,74400,75983,78223,10944,39283,35294,24110,34862,30835,34156,31330,16848,55390,43076,32792,52309,62829,127671,94004,27792,94673,78370,56902,87171,93664,161827,125334,-118,27265,22130,23364,23630,18284,-3449,-887,16.071774497,15.648584495,15.475232871,15.588703464,15.511820064,15.570576135,15.620832082,7.752575715,7.5911216733,7.5619792008,7.5981609364,7.2584916931,7.3338468349,7.3374939045,8.319198782,8.057462822,7.91325367,7.9905425279,8.253328371,8.2367292999,8.283338178,4.7178155876,4.1489902956,2.7822692019,3.9478231003,3.4205830688,3.7025877626,3.3176557421,6.6522364737,5.0638042152,3.7841630721,5.9235465136,6.969736132,13.839825572,9.9544497409,11.370052061,9.2127945108,6.566432274,9.8713696139,10.390319201,17.542413335,13.272105483
040,4,9,15,Hawaii,1211537,1211537,1211586,1218553,1228763,1240325,1254172,1267581,1278635,1283388,49,6967,10210,11562,13847,13409,11054,4753,4234,17301,17264,17826,18410,18007,18479,19265,2165,8489,8788,8470,8913,8848,9063,9269,2069,8812,8476,9356,9497,9159,9416,9996,2046,5545,3339,-1419,7231,4179,5858,4112,-4084,-6506,-730,4994,-1939,1086,-3731,-9673,-2038,-961,2609,3575,5292,5265,2127,-5561,18,-884,-875,-1369,-942,-1015,-489,318,14.238691696,14.108517249,14.439339546,14.760490792,14.281335246,14.514872265,15.038896997,6.9864316403,7.1817452262,6.8608328257,7.1461300615,7.017340715,7.1187990335,7.2356883603,7.2522600559,6.9267720229,7.5785067199,7.6143607308,7.2639945308,7.3960732318,7.8032086363,4.5635249671,2.7287036084,-1.149412253,5.7975615926,3.3143610814,4.6013378284,3.2099633766,-5.354426228,-0.596571918,4.0452183154,-1.554622034,0.8613056076,-2.930623325,-7.55106414,-0.790901261,2.1321316904,2.8958060628,4.2429395586,4.175666689,1.6707145034,-4.341100763
040,4,8,16,Idaho,1293953,1293956,1299578,1320918,1342103,1364038,1391751,1425894,1463878,1499402,5622,21340,21185,21935,27713,34143,37984,35524,5248,20712,20718,21250,22276,22782,23981,24518,2342,9748,9819,9906,10358,10373,10136,10320,2906,10964,10899,11344,11918,12409,13845,14198,694,2915,2591,1834,2534,2223,2461,2268,2077,7237,6965,9060,13228,20348,21931,19569,2771,10152,9556,10894,15762,22571,24392,21837,-55,224,730,-303,33,-837,-253,-511,15.807694421,15.559772154,15.705020544,16.16669491,16.170951273,16.597157146,16.547879377,7.4398129209,7.3743316331,7.3211262828,7.51726638,7.3628863821,7.0150863113,6.9652547177,8.3678815003,8.1854405204,8.3838942612,8.6494285303,8.8080648911,9.5820708347,9.5826246592,2.2247696619,1.9459103026,1.3554356554,1.8390377493,1.5779134703,1.7032485608,1.5307362112,5.5233818331,5.2309012959,6.6958817002,9.6001544385,14.443267339,15.178360092,13.20766178,7.748151495,7.1768115986,8.0513173556,11.439192188,16.021180809,16.881608653,14.738397991
040,2,3,17,Illinois,12419293,12419647,12439219,12516683,12578317,12625246,12680053,12719550,12777042,12852548,19572,77464,61634,46929,54807,39497,57492,75506,45746,185584,181619,181691,183490,179588,180985,185590,25162,106433,106063,105776,104596,104621,103627,103924,20584,79151,75556,75915,78894,74967,77358,81666,17199,67168,64307,53369,54134,53642,55831,54402,-18235,-69632,-78395,-83450,-77432,-87871,-76031,-60265,-1036,-2464,-14088,-30081,-23298,-34229,-20200,-5863,24,777,166,1095,-789,-1241,334,-297,14.872954702,14.474516836,14.417882107,14.502100924,14.141008424,14.196799321,14.482479041,8.5296856832,8.4529189081,8.3937338542,8.2667270598,8.2380027751,8.1286942192,8.1096888401,6.3432690191,6.0215979279,6.0241482524,6.2353738638,5.9030056493,6.068105102,6.3727902007,5.3829350668,5.1250846782,4.2350361336,4.2784714775,4.2238455459,4.3794872664,4.2452493388,-5.580403385,-6.247858139,-6.622079585,-6.119824943,-6.919084523,-5.964012759,-4.702767387,-0.197468318,-1.122773461,-2.387043451,-1.841353465,-2.695238977,-1.584525493,-0.457518048
040,2,3,18,Indiana,6080485,6080521,6091735,6125525,6151102,6184519,6218863,6257121,6302646,6345289,11214,33790,25577,33417,34344,38258,45525,42643,21422,87752,85023,85315,87824,86785,87965,89237,12975,55459,55486,54891,56055,55684,55430,55829,8447,32293,29537,30424,31769,31101,32535,33408,2827,11255,10725,9164,8854,8799,9174,9038,-253,-6445,-12324,-1813,-3707,2676,5940,-505,2574,4810,-1599,7351,5147,11475,15114,8533,193,-3313,-2361,-4358,-2572,-4318,-2124,702,14.365250474,13.851198705,13.83229916,14.16129891,13.91232948,14.007425456,14.110920083,9.0787950817,9.0392906781,8.8995924891,9.0386638096,8.9265904798,8.8265968628,8.8281604863,5.2864553918,4.8119080265,4.9327066712,5.1226351007,4.9857390006,5.1808285934,5.2827595967,1.8424753177,1.7472225881,1.4857784622,1.4276751293,1.4105500616,1.4608551257,1.429166105,-1.05506472,-2.007717592,-0.293945477,-0.597740197,0.4289841988,0.9458774195,-0.079854933,0.7874105978,-0.260495004,1.1918329851,0.8299349323,1.8395342604,2.4067325453,1.3493111721
040,2,4,19,Iowa,2926324,2926382,2928246,2930031,2931084,2935991,2946009,2955587,2972566,2988046,1864,1785,1053,4907,10018,9578,16979,15480,9392,38029,37409,38047,38312,38679,40373,40462,6322,27849,27962,27859,27657,27746,26798,27021,3070,10180,9447,10188,10655,10933,13575,13441,1335,5883,5605,4801,4593,4561,4750,4689,-2594,-13247,-13118,-8269,-3858,-5501,-714,-2947,-1259,-7364,-7513,-3468,735,-940,4036,1742,53,-1031,-881,-1813,-1372,-415,-632,297,12.982998243,12.765147928,12.969665464,13.026861612,13.107979604,13.62076856,13.576458256,9.5075736432,9.5415292142,9.49672537,9.4039442367,9.40288017,9.04092725,9.0665186729,3.4754246001,3.2236187142,3.4729400937,3.622917375,3.7050994341,4.5798413098,4.5099395834,2.0084403657,1.912605366,1.636590635,1.5617137028,1.5456835744,1.6025227419,1.5733283763,-4.522490145,-4.47628139,-2.818781079,-1.311798708,-1.86424147,-0.240884471,-0.988824637,-2.514049779,-2.563676024,-1.182190444,0.2499149949,-0.318557895,1.3616382708,0.5845037389
040,2,4,20,Kansas,2688418,2688824,2692890,2700979,2712383,2721824,2730828,2741665,2755817,2775997,4066,8089,11404,9441,9004,10837,14152,20180,9750,39200,38954,39542,39453,39361,39786,40828,5634,24910,24847,24365,24535,24531,24078,24132,4116,14290,14107,15177,14918,14830,15708,16696,2085,7710,6765,4284,6920,5885,6648,6017,-2164,-13816,-9498,-9756,-11814,-10908,-6809,-2550,-79,-6106,-2733,-5472,-4894,-5023,-161,3467,29,-95,30,-264,-1020,1030,-1395,17,14.535021151,14.391795708,14.552997337,14.471123409,14.385034389,14.474262944,14.761161529,9.2364126752,9.1798774957,8.9672697415,8.9992906204,8.9652010519,8.7596466892,8.7248052809,5.2986084757,5.2119182127,5.5857275956,5.4718327889,5.4198333374,5.7146162552,6.0363562477,2.8588013539,2.4993710009,1.5766789892,2.5382144322,2.1507565199,2.418561807,2.1754165993,-5.122853373,-3.509094718,-3.590588286,-4.333304234,-3.986482943,-2.477134077,-0.921939892,-2.264052019,-1.009723717,-2.013909297,-1.795089802,-1.835726423,-0.05857227,1.2534767076
040,3,6,21,Kentucky,4041769,4042281,4049049,4067461,4089032,4114069,4139859,4171016,4204444,4241474,6768,18412,21571,25037,25790,31157,33428,37030,13492,55319,53989,54458,55824,56107,56084,56400,9207,39897,40328,39674,40518,39495,40630,41047,4285,15422,13661,14784,15306,16612,15454,15353,1577,5268,4114,1504,5418,4023,4915,4062,827,-1271,4671,11079,6025,13698,11405,17357,2404,3997,8785,12583,11443,17721,16320,21419,79,-1007,-875,-2330,-959,-3176,1654,258,13.6312282,13.238287583,13.277417894,13.526650584,13.502068073,13.392458444,13.355564191,9.8310727148,9.8885636265,9.6729273478,9.8178709579,9.5044143968,9.7021536728,9.7199617614,3.8001554855,3.3497239561,3.6044905457,3.7087796259,3.9976536767,3.6903047713,3.6356024295,1.2980948708,1.0087668806,0.3666905966,1.3128294795,0.9681291079,1.1736668792,0.9618847827,-0.313188797,1.145345187,2.7011736171,1.459910966,3.2964038083,2.723432504,4.1101511997,0.9849060742,2.1541120675,3.0678642138,2.7727404455,4.2645329162,3.8970993832,5.0720359824
040,3,7,22,Louisiana,4468976,4468958,4469044,4460285,4465490,4473679,4487966,4495670,4243288,4293204,86,-8759,5205,8189,14287,7704,-252382,49916,15797,66419,65234,64545,65470,65272,58737,59308,9607,42004,41328,42027,42647,42800,43234,40540,6190,24415,23906,22518,22823,22472,15503,18768,1210,3922,2793,358,4417,2931,3847,2999,-7435,-33843,-18801,-10345,-9780,-14216,-269650,28854,-6225,-29921,-16008,-9987,-5363,-11285,-265803,31853,121,-3253,-2693,-4342,-3173,-3483,-2082,-705,14.876593751,14.616994043,14.440939644,14.611156769,14.53131004,13.442563747,13.895169116,9.4080977417,9.2603723486,9.4028874496,9.5176722577,9.5284359251,9.8945434913,9.4980467386,5.4684960091,5.3566216939,5.0380521948,5.0934845109,5.0028741147,3.548020256,4.3971223777,0.878453465,0.6258280093,0.0800969307,0.9857565213,0.6525197593,0.8804253322,0.7026305419,-7.580188836,-4.212743431,-2.314532816,-2.182634996,-3.16486554,-61.71216294,6.7601539368,-6.701735371,-3.586915422,-2.234435885,-1.196878475,-2.512345781,-60.83173761,7.4627844787
040,1,1,23,Maine,1274923,1274921,1277225,1284872,1294187,1303441,1308892,1312222,1314910,1317207,2304,7647,9315,9254,5451,3330,2688,2297,3502,13713,13349,13780,14044,13976,14237,14200,2970,12279,12552,12694,12533,12864,12089,12176,532,1434,797,1086,1511,1112,2148,2024,252,932,662,163,1006,677,884,699,1470,6273,8693,9221,3738,2605,107,-717,1722,7205,9355,9384,4744,3282,991,-18,50,-992,-837,-1216,-804,-1064,-451,291,10.704512749,10.351837628,10.609679292,10.752074869,10.664167984,10.838435221,10.789793919,9.5851171911,9.7337827479,9.7735318529,9.59525451,9.8156737937,9.2031919218,9.251868363,1.1193955576,0.6180548797,0.8361474391,1.1568203594,0.8484941899,1.6352432995,1.5379255557,0.7275290514,0.5133655337,0.1254991092,0.770192774,0.5165742505,0.6729772238,0.5311314049,4.8967701067,6.7412184056,7.0995539007,2.861809731,1.9877044646,0.0814576504,-0.544808608,5.6242991581,7.2545839393,7.2250530099,3.632002505,2.5042787151,0.7544348742,-0.013677204
040,3,5,24,Maryland,5296486,5296508,5310916,5374956,5433822,5494136,5537662,5573163,5602017,5618344,14408,64040,58866,60314,43526,35501,28854,16327,18365,73806,73100,73803,75181,74920,76659,77910,10123,43790,44118,43847,44152,44040,42559,43205,8242,30016,28982,29956,31029,30880,34100,34705,6162,22202,19956,14189,19351,17194,19042,17704,-189,8961,13047,7736,-10838,-12435,-24427,-36270,5973,31163,33003,21925,8513,4759,-5385,-18566,193,2861,-3119,8433,3984,-138,139,188,13.813753337,13.52604337,13.507189541,13.629872483,13.485947263,13.719510558,13.887253717,8.1958683391,8.1633649983,8.024738016,8.0044975443,7.9274041307,7.6167005811,7.7011782419,5.6178849981,5.3626783712,5.4824515248,5.6253749389,5.5585431325,6.1028099771,6.1860754748,4.1553932145,3.6925543295,2.5968255002,3.5082223224,3.0949996962,3.4079093133,3.155691693,1.6771677594,2.4141489445,1.415818033,-1.964865564,-2.238357638,-4.371652179,-6.465032631,5.832560974,6.106703274,4.0126435332,1.5433567583,0.8566420585,-0.963742866,-3.309340938
040,1,1,25,Massachusetts,6349097,6349105,6363190,6407631,6431788,6438510,6433676,6429137,6434389,6449755,14085,44441,24157,6722,-4834,-4539,5252,15366,20766,81598,80655,80283,79509,77492,77098,77466,13098,57234,56626,56201,55969,54718,54161,54606,7668,24364,24029,24082,23540,22774,22937,22860,8537,32703,31659,27316,25817,26126,27266,27014,-2495,-18269,-36311,-47837,-58105,-59107,-48445,-35121,6042,14434,-4652,-20521,-32288,-32981,-21179,-8107,375,5643,4780,3161,3914,5668,3494,613,12.778818214,12.563652608,12.475701806,12.353612665,12.048997369,11.987071041,12.02501307,8.9632451978,8.8206483487,8.7334419141,8.696114242,8.5079367942,8.4208637663,8.476465336,3.815573016,3.743004259,3.7422598917,3.6574984233,3.5410605752,3.5662072747,3.5485477343,5.1215188123,4.9315315592,4.2448123579,4.0112844858,4.0622529458,4.23927312,4.1933713253,-2.861053334,-5.656174941,-7.433705109,-9.027992604,-9.190369167,-7.532149428,-5.451817366,2.2604654783,-0.724643381,-3.188892751,-5.016708118,-5.128116222,-3.292876308,-1.25844604
040,2,3,26,Michigan,9938444,9938482,9955417,10006963,10043737,10075217,10102720,10107940,10102322,10071822,16935,51546,36774,31480,27503,5220,-5618,-30500,34502,135019,131203,130084,131438,128338,128374,129195,20409,87490,87061,86751,86680,87399,86498,86476,14093,47529,44142,43333,44758,40939,41876,42719,6002,25064,24179,20916,19456,19577,20339,20153,-3256,-25315,-34695,-32628,-39727,-57104,-72613,-94420,2746,-251,-10516,-11712,-20271,-37527,-52274,-74267,96,4268,3148,-141,3016,1808,4780,1048,13.527344936,13.08712414,12.931487392,13.027892792,12.700030578,12.703843226,12.807978371,8.7654878827,8.6840858424,8.6238081761,8.5915621602,8.6488021668,8.5598098629,8.5729535786,4.7618570531,4.4030382979,4.3076792163,4.4363306318,4.0512284111,4.1440333629,4.2350247921,2.5111234232,2.4117861222,2.0792333438,1.9284429325,1.9372944773,2.0127398645,1.9979038516,-2.536270725,-3.460727057,-3.243508584,-3.937667166,-5.650879288,-7.185755435,-9.360496287,-0.025147302,-1.048940935,-1.16427524,-2.009224233,-3.713584811,-5.17301557,-7.362592435
040,2,4,27,Minnesota,4919479,4919492,4934185,4984100,5020624,5052497,5085626,5113824,5154586,5197621,14693,49915,36524,31873,33129,28198,40762,43035,16960,67859,66728,69077,71066,70787,72630,74139,8586,38004,38075,37859,37816,37718,36306,36771,8374,29855,28653,31218,33250,33069,36324,37368,3526,14571,14011,12052,11135,11199,11620,11522,2689,7521,-4906,-9104,-7407,-12395,-5370,-6025,6215,22092,9105,2948,3728,-1196,6250,5497,104,-2032,-1234,-2293,-3849,-3675,-1812,170,13.683615665,13.339298515,13.715113717,14.019557664,13.880552383,14.146299184,14.323322553,7.66342165,7.6114043726,7.5168361424,7.4601580588,7.396085083,7.0713966427,7.1039924144,6.0201940154,5.7278941428,6.1982775745,6.5593996048,6.4844672997,7.0749025409,7.219330139,2.9382095796,2.8008768658,2.392902855,2.1966590857,2.1960007647,2.2632520517,2.2259987653,1.5165928384,-0.9807367,-1.807582774,-1.461217229,-2.430523214,-1.045926292,-1.164003,4.454802418,1.8201401658,0.585320081,0.7354418564,-0.23452245,1.2173257593,1.0619957657
040,3,6,28,Mississippi,2844658,2844656,2848424,2853579,2859196,2868343,2886860,2900456,2899112,2918785,3768,5155,5617,9147,18517,13596,-1344,19673,10306,43399,41735,41731,42742,42779,44394,44489,6695,28666,28324,28363,28369,28603,28211,28321,3611,14733,13411,13368,14373,14176,16183,16168,654,1910,1025,-845,2663,1418,2171,1433,-480,-9279,-7093,-1085,3763,148,-18486,2473,174,-7369,-6068,-1930,6426,1566,-16315,3906,-17,-2209,-1726,-2291,-2282,-2146,-1212,-401,15.222370104,14.611112813,14.572052674,14.853342271,14.783709754,15.30941615,15.293842431,10.054712353,9.9160215482,9.9040792215,9.8585575522,9.884720309,9.7286556516,9.7358203488,5.1676577511,4.6950912648,4.6679734525,4.9947847191,4.8989894452,5.580760498,5.5580220825,0.6699400193,0.3588448696,-0.295065647,0.925423482,0.4900371779,0.7486764531,0.4926178652,-3.25464578,-2.483206498,-0.378871274,1.3076862797,0.0511463345,-6.374957583,0.8501353668,-2.58470576,-2.124361628,-0.673936921,2.2331097617,0.5411835124,-5.62628113,1.342753232
040,2,4,29,Missouri,5595211,5596683,5606140,5641517,5676209,5705971,5744753,5787885,5837639,5878415,9457,35377,34692,29762,38782,43132,49754,40776,18815,75678,75239,75893,77947,78143,80487,81594,12423,54839,55533,55122,55371,54577,53223,53852,6392,20839,19706,20771,22576,23566,27264,27742,2276,8505,7474,4782,7792,6692,7528,6760,784,1356,3787,5664,4636,7977,10670,6205,3060,9861,11261,10446,12428,14669,18198,12965,5,4677,3725,-1455,3778,4897,4292,69,13.456669242,13.295780442,13.33540675,13.614335652,13.551626263,13.846601667,13.928580391,9.7511864026,9.8134554592,9.6856665419,9.6711788704,9.4647902761,9.1562324417,9.1928562296,3.7054828397,3.482324983,3.6497402079,3.9431567821,4.0868359867,4.6903692255,4.7357241611,1.5123149648,1.3207600184,0.8402608288,1.3609619793,1.1605323951,1.2950814088,1.153972148,0.2411168833,0.6692157064,0.9952399277,0.809730459,1.3833782002,1.8356161838,1.0592303518,1.7534318481,1.9899757248,1.8355007564,2.1706924383,2.5439105953,3.1306975926,2.2132024997
040,4,8,30,Montana,902195,902195,903329,906098,910282,917453,926721,935784,946795,957861,1134,2769,4184,7171,9268,9063,11011,11066,2862,10917,10931,11217,11456,11587,12054,12393,1946,8189,8361,8410,8443,8447,7709,8065,916,2728,2570,2807,3013,3140,4345,4328,114,412,199,-202,556,303,433,284,97,-287,1424,4758,6004,5775,6212,6463,211,125,1623,4556,6560,6078,6645,6747,7,-84,-9,-192,-305,-155,21,-9,12.066803469,12.036027703,12.274208241,12.423990361,12.442382705,12.805837099,13.013373544,9.0514842544,9.2062233674,9.202646992,9.1564028123,9.0705796763,8.1898289527,8.4687208609,3.0153192143,2.8298043361,3.0715612493,3.2675875487,3.3718030287,4.6160081463,4.5446526827,0.4553927846,0.2191171451,-0.221038608,0.6029799791,0.325368254,0.460007256,0.2982165808,-0.317227498,1.5679538423,5.2064440414,6.5113161773,6.201325634,6.5994574464,6.7865273309,0.1381652866,1.7870709873,4.9854054335,7.1142961564,6.5266938881,7.0594647024,7.0847439118
040,2,4,31,Nebraska,1711263,1711265,1713322,1718280,1725545,1734746,1743954,1754042,1763765,1774571,2057,4958,7265,9201,9208,10088,9723,10806,6103,24739,24886,25702,26348,26276,26394,27116,3392,15135,15567,15428,15277,14866,14790,15114,2711,9604,9319,10274,11071,11410,11604,12002,1173,4524,4007,2816,3967,3479,3849,3583,-1855,-8337,-5364,-2622,-5091,-3493,-5086,-4869,-682,-3813,-1357,194,-1124,-14,-1237,-1286,28,-833,-697,-1267,-739,-1308,-644,90,14.418338723,14.452534609,14.855398,15.148187541,15.023459146,15.00593978,15.326978557,8.8209530126,9.0405290629,8.9171691051,8.7831661253,8.4997238419,8.408647774,8.5429987429,5.5973857108,5.4120055462,5.9382288946,6.365021416,6.5237353044,6.5972920061,6.7839798142,2.636669404,2.3270636574,1.6276087763,2.2807370569,1.9891389241,2.1882951509,2.0252457652,-4.858955089,-3.115140868,-1.515479478,-2.926955472,-1.997143507,-2.891574211,-2.752141119,-2.222285685,-0.788077211,0.1121292978,-0.646218415,-0.008004583,-0.70327906,-0.726895354
040,4,8,32,Nevada,1998257,1998257,2018494,2095331,2167645,2238336,2329960,2408948,2492427,2565382,20237,76837,72314,70691,91624,78988,83479,72955,7384,30997,32010,32969,34407,35763,37977,39993,3690,15569,16831,17000,17836,18198,18718,19168,3694,15428,15179,15969,16571,17565,19259,20825,3538,13638,12843,10368,11153,10699,11360,10979,13259,47986,44308,43661,67341,52648,54142,41338,16797,61624,57151,54029,78494,63347,65502,52317,-254,-215,-16,693,-3441,-1924,-1282,-187,15.069673601,15.017677791,14.965566125,15.063384684,15.09335062,15.496467828,15.814357561,7.5691114717,7.8963616028,7.7167831636,7.8086008437,7.6802503868,7.6378567239,7.5795665673,7.5005621289,7.1213161885,7.2487829612,7.2547838406,7.4131002332,7.858611104,8.2347909935,6.6303257917,6.0253681935,4.706329873,4.8827834273,4.5153862451,4.6354339344,4.3414055375,23.329140155,20.787356063,19.818968806,29.481889965,22.219464906,22.092576063,16.346208408,29.959465947,26.812724256,24.525298679,34.364673392,26.734851151,26.728009997,20.687613945
040,1,1,33,New Hampshire,1235786,1235786,1240442,1257347,1272185,1282844,1294285,1303112,1311821,1315828,4656,16905,14838,10659,11441,8827,8709,4007,3787,14509,14651,14511,14669,15479,15548,14540,2276,9838,9853,9629,10031,10174,10277,10155,1511,4671,4798,4882,4638,5305,5271,4385,589,2255,2118,1736,1798,1752,1867,1813,2503,10896,8721,5360,5732,2823,2036,-2389,3092,13151,10839,7096,7530,4575,3903,-576,53,-917,-799,-1319,-727,-1053,-465,198,11.617474494,11.583960986,11.358775184,11.383985823,11.918855685,11.891700476,11.066927128,7.8773667431,7.7903738715,7.5372921403,7.7846316579,7.8339968823,7.8602396314,7.729342846,3.7401077513,3.7935871141,3.8214830438,3.599354165,4.0848588029,4.0314608443,3.3375842816,1.8055968699,1.6746180716,1.3588886858,1.3953511834,1.3490429072,1.4279524561,1.379940776,8.7245159619,6.8953466491,4.1956470944,4.4483609474,2.1737146844,1.55721007,-1.818355496,10.530112832,8.5699647207,5.5545357802,5.8437121308,3.5227575915,2.9851625262,-0.43841472
040,1,2,34,New Jersey,8414350,8414347,8431951,8495644,8558327,8604990,8641235,8657445,8666075,8685920,17604,63693,62683,46663,36245,16210,8630,19845,27265,112158,112827,115943,116463,111945,109967,112983,16790,72782,74829,73374,73662,72320,72020,72514,10475,39376,37998,42569,42801,39625,37947,40469,15451,59861,57947,50092,47253,47585,49386,48944,-8396,-32054,-30805,-41905,-50739,-67809,-76291,-69160,7055,27807,27142,8187,-3486,-20224,-26905,-20216,74,-3490,-2457,-4093,-3070,-3191,-2412,-408,13.251498515,13.231756991,13.510558594,13.505912163,12.942606025,12.695687712,13.022479548,8.5992132964,8.7755514537,8.5500955322,8.542391161,8.3613316161,8.3147074036,8.3580014863,4.6522852183,4.4562055371,4.960463062,4.9635210024,4.5812744094,4.3809803089,4.6644780615,7.0725935964,6.7957193078,5.8371001363,5.4798079,5.5015758428,5.7016126053,5.6413109847,-3.787188907,-3.612648339,-4.883088741,-5.884070282,-7.839788932,-8.807794259,-7.971417696,3.2854046898,3.1830709692,0.9540113953,-0.404262382,-2.338213089,-3.106181654,-2.330106711
040,4,8,35,New Mexico,1819046,1819046,1820861,1829032,1850562,1870113,1892182,1916331,1942302,1969915,1815,8171,21530,19551,22069,24149,25971,27613,6552,27269,27353,27790,28034,28820,29063,30032,3143,13898,14335,14313,14740,14626,14934,15309,3409,13371,13018,13477,13294,14194,14129,14723,1539,5597,4860,3082,5118,4322,4886,4386,-3168,-9374,4649,4502,5012,7053,7751,8530,-1629,-3777,9509,7584,10130,11375,12637,12916,35,-1423,-997,-1510,-1355,-1420,-795,-26,14.942355844,14.867401132,14.938149664,14.902605989,15.134515755,15.063884023,15.352931599,7.6155657166,7.7916204886,7.6937652442,7.8356428722,7.6806879745,7.7405651172,7.8262529916,7.3267901278,7.0757806432,7.2443844195,7.0669631169,7.45382778,7.3233189059,7.526678607,3.0669392226,2.6415957848,1.6566886385,2.7206797978,2.2696522238,2.5325030911,2.2422069123,-5.136588936,2.5269092188,2.4199909963,2.6643312127,3.7038077591,4.0174849487,4.3606988058,-2.069649713,5.1685050035,4.0766796347,5.3850110106,5.9734599829,6.5499880398,6.6029057182
040,1,2,36,New York,18976457,18976821,18996571,19076610,19132542,19207652,19258479,19262545,19281988,19297729,19750,80039,55932,75110,50827,4066,19443,15741,63758,256505,251971,252284,252920,247149,246414,249203,37024,157302,158752,156000,154857,152719,150849,153730,26734,99203,93219,96284,98063,94430,95565,95473,34902,137112,132729,114754,107554,108765,112571,111607,-36823,-166026,-179962,-187513,-209097,-250480,-229503,-189765,-1921,-28914,-47233,-72759,-101543,-141715,-116932,-78158,-5063,9750,9946,51585,54307,51351,40810,-1574,13.474314111,13.189039108,13.16028813,13.150269779,12.831901873,12.785937762,12.918860965,8.2631393474,8.3096322054,8.1376740034,8.0516025903,7.9291246256,7.8272578889,7.9694726636,5.2111747637,4.8794069023,5.0226141266,5.0986671885,4.902777247,4.958679873,4.9493883016,7.2025502676,6.9474978141,5.9860938627,5.5921402649,5.6470461429,5.841087762,5.7857863499,-8.721414688,-9.419837425,-9.781536317,-10.87174585,-13.00484639,-11.90845924,-9.837552722,-1.518864421,-2.472339611,-3.795442454,-5.279605583,-7.35780025,-6.067371474,-4.051766372
040,3,5,37,North Carolina,8049313,8046491,8079777,8203565,8319293,8421149,8538378,8679089,8869442,9061032,33286,123788,115728,101856,117229,140711,190353,191590,28614,119873,118055,117454,119011,121597,126709,128849,16648,71905,71162,72244,73685,74552,72838,74229,11966,47968,46893,45210,45326,47045,53871,54620,9834,31197,26116,12266,31204,25066,28777,24465,11008,46437,44073,47702,44727,73898,111099,111963,20842,77634,70189,59968,75931,98964,139876,136428,478,-1814,-1354,-3322,-4028,-5298,-3394,542,14.723390321,14.289900694,14.032365454,14.034707454,14.124841941,14.440980843,14.372068468,8.8317250844,8.6137640353,8.6310743767,8.689511211,8.6600427345,8.301321632,8.2796472642,5.8916652368,5.6761366587,5.401291077,5.3451962428,5.4647992065,6.1396592114,6.0924212043,3.8317686873,3.1611964468,1.4654332305,3.6798196082,2.9116942695,3.2797047229,2.7288737598,5.703620301,5.3347913539,5.6990132041,5.2745574803,8.5840733715,12.66191455,12.488571133,9.5353889883,8.4959878007,7.1644464346,8.9543770885,11.495767641,15.941619273,15.217444893
040,2,4,38,North Dakota,642200,642200,641236,636385,633861,633159,636814,635938,637460,639715,-964,-4851,-2524,-702,3655,-876,1522,2255,1883,7694,7682,7861,8080,8250,8608,8572,1384,5958,6012,5999,5867,5748,5480,5574,499,1736,1670,1862,2213,2502,3128,2998,264,624,224,-581,1001,456,756,440,-1712,-6769,-4033,-1356,967,-3370,-2122,-1136,-1448,-6145,-3809,-1937,1968,-2914,-1366,-696,-15,-442,-385,-627,-526,-464,-240,-47,12.044260387,12.095294927,12.408643905,12.724679974,12.964033842,13.519732244,13.42337581,9.3267095641,9.4658829864,9.4694637812,9.2395665105,9.032395942,8.606892739,8.7286393799,2.717550823,2.6294119407,2.9391801234,3.485113463,3.9316378996,4.912839505,4.69473643,0.9768155032,0.3526875896,-0.917112595,1.576411467,0.7165575069,1.1873742538,0.6890206902,-10.59625664,-6.349951112,-2.140455557,1.5228670216,-5.2956114,-3.332815035,-1.778926146,-9.619441133,-5.997263522,-3.057568152,3.0992784886,-4.579053893,-2.145440781,-1.089905455
040,2,3,39,Ohio,11353140,11353145,11364143,11392869,11414816,11435980,11452808,11459776,11463513,11466917,10998,28726,21947,21164,16828,6968,3737,3404,38934,154466,148647,148609,150433,148186,149346,150259,25115,109209,108482,107936,109786,109550,108296,108494,13819,45257,40165,40673,40647,38636,41050,41765,3839,15298,14332,11700,12354,11883,12723,12332,-7139,-37657,-37284,-32599,-37518,-44613,-53196,-51842,-3300,-22359,-22952,-20899,-25164,-32730,-40473,-39510,479,5828,4734,1390,1345,1062,3160,1149,13.575244413,13.034816993,13.006899191,13.144689007,12.934900751,13.030067369,13.105641717,9.5978329668,9.5127585285,9.4470232022,9.59299374,9.5624308459,9.4485568803,9.4628840366,3.9774114458,3.5220584641,3.5598759886,3.5516952667,3.3724699056,3.5815104892,3.6427576805,1.3444647303,1.256769374,1.0240343487,1.0794804863,1.0372466065,1.1100501329,1.0756012862,-3.309485446,-3.269424319,-2.853204764,-3.278286295,-3.894191943,-4.641218806,-4.52167709,-1.965020715,-2.012654945,-1.829170415,-2.198805808,-2.856945336,-3.531168673,-3.446075804
040,3,7,40,Oklahoma,3450654,3450654,3454058,3464818,3485515,3499937,3516552,3535926,3577536,3617316,3404,10760,20697,14422,16615,19374,41610,39780,12098,49561,50376,50627,50937,51858,53100,54235,8055,35007,35080,35020,35737,35623,33638,33651,4043,14554,15296,15607,15200,16235,19462,20584,2108,7148,5754,2460,7167,5478,6556,5475,-2812,-9506,1030,-1363,-4105,-316,15395,13578,-704,-2358,6784,1097,3062,5162,21951,19053,65,-1436,-1383,-2282,-1647,-2023,197,143,14.32631543,14.495996091,14.494981857,14.519227494,14.706320247,14.929439421,15.076057159,10.119273709,10.094480365,10.026552326,10.186576221,10.102264764,9.4575608895,9.3541882446,4.2070417218,4.4015157259,4.4684295304,4.3326512733,4.6040554823,5.4718785312,5.7218689141,2.0662315671,1.6557480052,0.704320923,2.0429020839,1.5534965157,1.8432656279,1.5219215072,-2.74784517,0.2963886766,-0.390239601,-1.170100887,-0.089613892,4.3284128038,3.7743653379,-0.681613603,1.9521366818,0.3140813222,0.8728011973,1.463882624,6.1716784317,5.2962868451
040,4,9,41,Oregon,3421399,3421436,3431096,3472224,3521520,3556956,3583027,3629959,3691084,3747455,9660,41128,49296,35436,26071,46932,61125,56371,11632,45631,45068,45758,45654,45968,47744,49191,7034,30033,30944,30684,30829,30874,31087,31285,4598,15598,14124,15074,14825,15094,16657,17906,3772,14664,14138,12199,11499,11531,11978,11848,1174,13700,23468,11723,2509,22965,34026,26811,4946,28364,37606,23922,14008,34496,46004,38659,116,-2834,-2434,-3560,-2762,-2658,-1536,-194,13.220015876,12.888089698,12.928771673,12.788265742,12.745900242,13.042950301,13.225984296,8.7010308084,8.8490513808,8.6696627918,8.6355947906,8.5606709898,8.4925057809,8.4115980302,4.5189850681,4.0390383177,4.2591088816,4.1526709517,4.1852292518,4.55044452,4.8143862659,4.2483906294,4.0430418957,3.4467871333,3.2210160724,3.1972888898,3.2722113502,3.1855717904,3.9691047206,6.7111406995,3.3122949064,0.7028027938,6.3676818449,9.2953968444,7.2086736387,8.2174953501,10.754182595,6.7590820397,3.9238188662,9.5649707347,12.567608195,10.394245429
040,1,2,42,Pennsylvania,12281054,12281054,12285564,12287542,12305751,12327250,12348618,12367276,12402817,12432792,4510,1978,18209,21499,21368,18658,35541,29975,36223,145517,141875,143953,145810,144446,145824,146776,30297,131207,129467,128895,130135,129384,128144,128100,5926,14310,12408,15058,15675,15062,17680,18676,5278,20557,19537,16376,16358,16179,17191,16829,-7008,-24016,-6383,1582,-2858,-3264,4908,-7377,-1730,-3459,13154,17958,13500,12915,22099,9452,314,-8873,-7353,-11517,-7807,-9319,-4238,1847,11.843598445,11.53769851,11.687816681,11.81802399,11.688511045,11.774198829,11.819802768,10.678910513,10.528642911,10.465229145,10.547551965,10.469700186,10.346670883,10.315833205,1.1646879316,1.009055599,1.2225875361,1.2704720255,1.2188108591,1.4275279467,1.5039695624,1.6731299657,1.5888071597,1.3295984521,1.325829754,1.3091980407,1.3880448491,1.3552315146,-1.954657258,-0.519084614,0.1284455759,-0.231643321,-0.264121541,0.3962843418,-0.594066367,-0.281527292,1.0697225459,1.458044028,1.0941864335,1.0450765002,1.7843291909,0.761165148
040,1,1,44,Rhode Island,1048319,1048319,1050807,1058474,1066888,1072629,1072859,1066721,1061641,1057832,2488,7667,8414,5741,230,-6138,-5080,-3809,3127,12425,12380,12681,13257,12575,12738,12687,2282,9855,9773,9912,9923,9989,9773,9809,845,2570,2607,2769,3334,2586,2965,2878,1068,3799,3504,2776,3230,3025,3310,3162,512,2188,3074,1583,-5657,-10922,-10996,-10031,1580,5987,6578,4359,-2427,-7897,-7686,-6869,63,-890,-771,-1387,-677,-827,-359,182,11.781265749,11.649780132,11.854077345,12.358027638,11.754643435,11.969768301,11.971843944,9.3444164149,9.1965509875,9.2656426661,9.2501099983,9.337346582,9.1835881302,9.2560745053,2.436849334,2.453229144,2.5884346794,3.1079176393,2.4172968527,2.7861801705,2.7157694389,3.6021753384,3.2973206447,2.5949782124,3.0109699984,2.8276577646,3.1103731414,2.9837605858,2.0746406003,2.8926836934,1.4797732385,-5.273392347,-10.20948037,-10.33282872,-9.465560543,5.6768159387,6.1900043381,4.0747514509,-2.262422349,-7.381822601,-7.222455579,-6.481799957
040,3,5,45,South Carolina,4012012,4011816,4023628,4062933,4104683,4146770,4201437,4254989,4330108,4407709,11812,39305,41750,42087,54667,53552,75119,77601,13209,56161,55225,54975,56067,56947,58197,58943,8515,37063,37122,37820,37763,38327,39678,40545,4694,19098,18103,17155,18304,18620,18519,18398,2392,6891,5056,331,8167,5697,7086,5339,4536,14431,19466,26189,29438,30344,49736,53993,6928,21322,24522,26520,37605,36041,56822,59332,190,-1115,-875,-1588,-1242,-1109,-222,-129,13.889958908,13.522917826,13.324925925,13.43210584,13.46833757,13.557680245,13.491470467,9.1665666035,9.0900453694,9.1668703682,9.0469726014,9.0645859137,9.2434599166,9.2803500005,4.7233923048,4.4328724563,4.158055557,4.3851332388,4.4037516558,4.3142203286,4.2111204664,1.7043091618,1.2380601635,0.0802282943,1.9565878038,1.347377722,1.6507676034,1.2220443619,3.5691315505,4.7666295771,6.3477305149,7.0525323581,7.1765542559,11.586590111,12.358464362,5.2734407123,6.0046897406,6.4279588092,9.009120162,8.5239319779,13.237357714,13.580508724
040,2,4,46,South Dakota,754844,754844,755713,758852,761995,766882,774129,780046,788467,796214,869,3139,3143,4887,7247,5917,8421,7747,2625,10486,10464,10767,11261,11580,11664,11957,1596,6989,6959,6851,7067,7061,6561,6658,1029,3497,3505,3916,4194,4519,5103,5299,209,777,570,168,821,592,723,601,-348,-1717,-1413,414,1730,200,1740,1910,-139,-940,-843,582,2551,792,2463,2511,-21,582,481,389,502,606,855,-63,13.846880127,13.760753054,14.084847898,14.615080619,14.901796773,14.872685148,15.09073435,9.2290525662,9.1514794059,8.9621336445,9.1719007846,9.0864928338,8.3658853959,8.4029530234,4.617827561,4.6092736482,5.1227142537,5.4431798345,5.8153039394,6.5067997524,6.6877813263,1.026037179,0.7495823051,0.2197691508,1.0655342499,0.7618189715,0.9218922636,0.758512281,-2.267317679,-1.858175083,0.5415739788,2.2452792355,0.2573712741,2.2186618791,2.4105797949,-1.2412805,-1.108592778,0.7613431296,3.3108134854,1.0191902456,3.1405541427,3.1690920759
040,3,6,47,Tennessee,5689283,5689262,5703415,5754637,5801841,5853371,5912063,5989309,6074913,6156719,14153,51222,47204,51530,58692,77246,85604,81806,19280,79276,77683,77713,79660,80361,82226,83056,12954,55474,55693,56332,57291,56841,57628,58285,6326,23802,21990,21381,22369,23520,24598,24771,2789,9996,8868,5960,8910,7814,8673,7919,4876,11728,11761,20934,24201,42940,52024,48665,7665,21724,20629,26894,33111,50754,60697,56584,162,5696,4585,3255,3212,2972,309,451,13.837605205,13.444061417,13.335321571,13.541361925,13.504493432,13.631380457,13.580526294,9.6829722888,9.6384036728,9.6664050384,9.7388672615,9.5520079534,9.553537725,9.5302082339,4.1546329167,3.8056577445,3.6689165328,3.8024946636,3.9524854781,4.077842732,4.0503180606,1.7447992032,1.5347236416,1.0227184199,1.514606261,1.3131259152,1.4378051067,1.2948394785,2.0471193533,2.035395213,3.5922126513,4.1139153898,7.2159747632,8.624509728,7.9572374316,3.7919185565,3.5701188546,4.6149310712,5.6285216508,8.5291006785,10.062314835,9.2520769101
040,3,7,48,Texas,20851820,20851799,20948843,21340494,21730350,22085973,22454811,22843999,23407629,23904380,97044,391651,389856,355623,368838,389188,563630,496751,85914,365028,368004,375681,380612,383997,393084,407335,35327,152907,155417,152305,155068,155195,157869,160552,50587,212121,212587,223376,225544,228802,235215,246783,35467,136214,127511,99972,113079,107240,114026,109086,10679,41118,47293,31417,33212,54690,222389,141280,46146,177332,174804,131389,146291,161930,336415,250366,311,2198,2465,858,-2997,-1544,-8000,-398,17.263358846,17.088311527,17.147992998,17.090493962,16.953955303,16.99762871,17.219095473,7.2314683013,7.2168077319,6.9519754088,6.9629667947,6.8520563785,6.8265272738,6.7869449382,10.031890545,9.871503795,10.196017589,10.127527167,10.101898924,10.171101437,10.432150535,6.4420021529,5.9209891499,4.563230922,5.0775487023,4.7347822161,4.9306804941,4.6113450815,1.9446036716,2.1960563392,1.4340317877,1.4913073825,2.4146329672,9.6164831214,5.9722680557,8.3866058245,8.1170454891,5.9972627096,6.5688560848,7.1494151833,14.547163616,10.583613137
040,4,8,49,Utah,2233169,2233198,2244431,2292177,2336872,2373260,2430841,2505013,2579535,2645330,11233,47746,44695,36388,57581,74172,74522,65795,12350,47689,48200,49727,50730,50659,53310,54523,2983,12524,13003,13100,13537,13197,13165,13545,9367,35165,35197,36627,37193,37462,40145,40978,2579,10257,9657,7858,8281,7978,8466,8202,-807,-6144,-4034,-8219,-2517,9458,18315,24657,1772,4113,5623,-361,5764,17436,26781,32859,94,8468,3875,122,14624,19274,7596,-8042,21.024077901,20.82501179,21.114907183,21.119456065,20.526944273,20.96941557,20.870587087,5.5213057862,5.6180005872,5.5624768053,5.6356017494,5.3474029013,5.1784347399,5.1848229571,15.502772115,15.207011203,15.552430378,15.483854315,15.179541372,15.790980831,15.68576413,4.521880665,4.1723472791,3.3366368501,3.4474712334,3.2326726034,3.3300895183,3.13960265,-2.708631647,-1.742906588,-3.489923425,-1.047854739,3.8323661924,7.2041801946,9.4383299856,1.8132490178,2.4294406907,-0.153286575,2.3996164943,7.0650387957,10.534269713,12.577932636
040,1,1,50,Vermont,608827,608827,609909,612225,615250,617101,618794,619736,620778,621254,1082,2316,3025,1851,1693,942,1042,476,1654,6546,6331,6518,6663,6514,6336,6569,1176,5162,5075,5118,5151,5137,4858,5041,478,1384,1256,1400,1512,1377,1478,1528,185,845,786,644,647,619,671,649,386,616,1450,555,-117,-583,-898,-1788,571,1461,2236,1199,530,36,-227,-1139,33,-529,-467,-748,-349,-471,-209,87,10.712409605,10.31548504,10.578155087,10.782469385,10.518921625,10.215120506,10.577827302,8.4475188482,8.2690075154,8.3060751361,8.3356595827,8.2953178365,7.8322372823,8.1173431924,2.2648907567,2.046477525,2.2720799512,2.4468098018,2.2236037884,2.3828832242,2.4604841099,1.3828270877,1.2806778142,1.0451567776,1.0470145118,0.9995720733,1.081809637,1.0450616409,1.0080727645,2.3625735758,0.9007174092,-0.189336473,-0.941438641,-1.447786966,-2.879152872,2.3908998522,3.64325139,1.9458741868,0.857678039,0.0581334324,-0.365977329,-1.834091231
040,3,5,51,Virginia,7078515,7079030,7104992,7190468,7281659,7370557,7464033,7557588,7640249,7712091,25962,85476,91191,88898,93476,93555,82661,71842,24065,99007,98840,99926,103096,103687,105395,106703,13145,56498,56730,56839,58135,57824,58185,59248,10920,42509,42110,43087,44961,45863,47210,47455,8584,27467,19956,3864,30752,20595,26954,21455,6519,15901,29002,41047,20423,28961,10393,2959,15103,43368,48958,44911,51175,49556,37347,24414,-61,-401,123,900,-2660,-1864,-1896,-27,13.851530486,13.659360507,13.639711563,13.899406724,13.805034756,13.869736858,13.900551968,7.9043276677,7.839898033,7.7584168838,7.8377629581,7.6987696601,7.6570106654,7.7184324995,5.9472028182,5.8194624743,5.8812946792,6.0616437664,6.1062650962,6.2127261925,6.1821194684,3.8427584702,2.7578530785,0.5274287521,4.1459858345,2.7420476126,3.5470837067,2.7950136592,2.2246223626,4.0079803059,5.6028385058,2.7534296533,3.8559087598,1.3676946265,0.3854786958,6.0673808328,6.7658333844,6.1302672579,6.8994154877,6.5979563724,4.9147783333,3.1804923549
040,4,9,53,Washington,5894121,5894140,5911652,5990518,6061872,6118988,6189869,6270838,6374910,6468424,17512,78866,71354,57116,70881,80969,104072,93514,20649,80606,78934,79520,81755,81708,86025,87864,10502,44434,44739,45169,45789,46201,46225,46950,10147,36172,34195,34351,35966,35507,39800,40914,7611,27049,23967,16110,24203,21124,23465,21422,-486,17367,14459,9370,13484,27671,42617,31009,7125,44416,38426,25480,37687,48795,66082,52431,240,-1722,-1267,-2715,-2772,-3333,-1810,169,13.544756964,13.098480882,13.056549373,13.283930425,13.114504659,13.605363637,13.682428566,7.4665376146,7.4240876706,7.416389319,7.4400084427,7.4154700853,7.3107577345,7.3111857093,6.0782193499,5.6743932116,5.6401600544,5.8439219824,5.6990345732,6.2946059023,6.3712428564,4.5452215856,3.977136485,2.6451334306,3.9326153517,3.3904978265,3.7111288316,3.3358939353,2.9182913704,2.3993581356,1.5384792207,2.1909426684,4.4413210262,6.7401311492,4.8288084698,7.463512956,6.3764946206,4.1836126513,6.1235580201,7.8318188527,10.451259981,8.1647024052
040,3,5,54,West Virginia,1808344,1808350,1807050,1798860,1800090,1803223,1804618,1805626,1808699,1812035,-1300,-8190,1230,3133,1395,1008,3073,3336,5118,20657,20609,20723,21180,20691,20949,20849,4891,21220,20839,20760,21514,21137,20609,20747,227,-563,-230,-37,-334,-446,340,102,149,725,595,398,649,532,627,571,-1691,-7020,2055,4509,2324,2307,2765,2553,-1542,-6295,2650,4907,2973,2839,3392,3124,15,-1332,-1190,-1737,-1244,-1385,-659,110,11.45730204,11.45278484,11.502192566,11.741093912,11.462383152,11.592206014,11.516449427,11.769567183,11.580599897,11.522729222,11.926246195,11.709457865,11.404065766,11.46010726,-0.312265143,-0.127815057,-0.020536656,-0.185152284,-0.247074713,0.1881402475,0.0563421671,0.4021176347,0.3306519957,0.2209078146,0.3597719523,0.2947169222,0.3469527505,0.3154056608,-3.893607994,1.1419997499,2.5026968237,1.288305111,1.2780299614,1.530022895,1.4102112997,-3.491490359,1.4726517456,2.7236046383,1.6480770633,1.5727468836,1.8769756455,1.7256169605
040,2,3,55,Wisconsin,5363675,5363715,5374399,5408512,5445115,5475267,5510199,5540473,5572660,5601640,10684,34113,36603,30152,34932,30274,32187,28980,17338,68808,68516,69176,70771,70380,72089,73029,10724,47011,46607,46719,46500,46282,45490,45415,6614,21797,21909,22457,24271,24098,26599,27614,2348,9447,9043,7738,7334,7281,7652,7523,1534,822,4121,455,1438,-2123,-5133,-6732,3882,10269,13164,8193,8772,5158,2519,791,188,2047,1530,-498,1889,1018,3069,575,12.762416383,12.625456909,12.669153881,12.884478455,12.737686903,12.973659183,13.070885872,8.7195377946,8.588281134,8.556294093,8.465730994,8.3763231775,8.1867102643,8.1284733719,4.0428785882,4.0371757754,4.1128597882,4.4187474614,4.3613637252,4.7869489189,4.9424125001,1.7522170034,1.6663554036,1.4171665423,1.3352187336,1.3177479161,1.3771094074,1.3464825537,0.1524634674,0.7593774874,0.0833304183,0.2618004553,-0.384230027,-0.923771901,-1.20490769,1.9046804708,2.4257328909,1.5004969606,1.5970191888,0.9335178892,0.4533375062,0.1415748637
040,4,8,56,Wyoming,493782,493782,493985,493032,497204,499368,503258,506541,512757,522830,203,-953,4172,2164,3890,3283,6216,10073,1516,6204,6266,6670,6740,7114,7192,7390,960,4003,4129,4049,4137,4078,4087,4226,556,2201,2137,2621,2603,3036,3105,3164,134,382,195,-194,547,286,432,278,-497,-3161,2152,175,1054,338,2886,6654,-363,-2779,2347,-19,1601,624,3318,6932,10,-375,-312,-438,-314,-377,-207,-23,12.571212046,12.655568975,13.38588682,13.444694233,14.089932749,14.111672936,14.272098819,8.1113091264,8.339426157,8.1258554324,8.252329383,8.0768548988,8.0192446174,8.1615547511,4.4599029196,4.3161428185,5.2600313876,5.1923648499,6.0130778501,6.0924283183,6.1105440682,0.7740494845,0.3938455075,-0.389334639,1.0911346803,0.5664493627,0.8476422008,0.5368935686,-6.405158169,4.3464386268,0.3512039271,2.1024788904,0.6694401559,5.6627208137,12.850682753,-5.631108684,4.7402841343,-0.038130712,3.1936135708,1.2358895186,6.5103630145,13.387576321
